Workbook

Sheet 1. Datos
A1: Número | B1: Edad | C1: Sexo | D1: Universitario | E1: App Digital | F1: Tiempo Uso | G1: App Principal | H1: Fac | I1: Int | J1: Seg | K1: PDat | L1: Conf | M1: Fia | N1: Cost | O1: Val | P1: Sat | Q1: Exp | R1: Int2 | S1: Rec
A2: 1 | B2: 18-25 | C2: Hombre | D2: Sí | E2: Sí | F2: 1 - 3 años | G2: Revolut | H2: 4 | I2: 5 | J2: 3 | K2: 1 | L2: 4 | M2: 3 | N2: 5 | O2: 5 | P2: 4 | Q2: 5 | R2: 4 | S2: 5
A3: 2 | B3: 18-25 | C3: Mujer | D3: Sí | E3: Sí | F3: 1 - 3 años | G3: BBVA | H3: 4 | I3: 4 | J3: 5 | K3: 2 | L3: 4 | M3: 4 | N3: 3 | O3: 3 | P3: 3 | Q3: 4 | R3: 4 | S3: 3
A4: 3 | B4: 26-35 | C4: Hombre | D4: No | E4: Sí | F4: Más de 3 años | G4: N26 | H4: 5 | I4: 4 | J4: 4 | K4: 2 | L4: 4 | M4: 3 | N4: 4 | O4: 4 | P4: 5 | Q4: 4 | R4: 4 | S4: 5
A5: 4 | B5: 18-25 | C5: Mujer | D5: Sí | E5: Sí | F5: 6 meses - 1 año | G5: Revolut | H5: 5 | I5: 5 | J5: 4 | K5: 3 | L5: 3 | M5: 4 | N5: 5 | O5: 5 | P5: 5 | Q5: 5 | R5: 5 | S5: 5
A6: 5 | B6: 18-25 | C6: Hombre | D6: Sí | E6: Sí | F6: Más de 3 años | G6: Revolut | H6: 5 | I6: 5 | J6: 5 | K6: 3 | L6: 5 | M6: 5 | N6: 4 | O6: 3 | P6: 5 | Q6: 5 | R6: 4 | S6: 4
A7: 6 | B7: 26-35 | C7: Hombre | D7: No | E7: Sí | F7: 1 - 3 años | G7: N26 | H7: 5 | I7: 5 | J7: 4 | K7: 5 | L7: 5 | M7: 4 | N7: 4 | O7: 4 | P7: 4 | Q7: 4 | R7: 4 | S7: 5
A8: 7 | B8: 18-25 | C8: Mujer | D8: No | E8: Sí | F8: 6 meses - 1 año | G8: Santander | H8: 5 | I8: 4 | J8: 4 | K8: 4 | L8: 5 | M8: 5 | N8: 4 | O8: 5 | P8: 4 | Q8: 5 | R8: 5 | S8: 3
A9: 8 | B9: 18-25 | C9: Hombre | D9: Sí | E9: Sí | F9: 1 - 3 años | G9: CaixaBank | H9: 4 | I9: 4 | J9: 5 | K9: 5 | L9: 5 | M9: 5 | N9: 4 | O9: 4 | P9: 4 | Q9: 5 | R9: 5 | S9: 3
A10: 9 | B10: 18-25 | C10: Hombre | D10: Sí | E10: Sí | F10: 6 meses - 1 año | G10: Revolut | H10: 5 | I10: 4 | J10: 5 | K10: 4 | L10: 4 | M10: 5 | N10: 5 | O10: 5 | P10: 4 | Q10: 5 | R10: 5 | S10: 5
A11: 10 | B11: 18-25 | C11: Mujer | D11: Sí | E11: Sí | F11: Más de 3 años | G11: Openbank | H11: 5 | I11: 4 | J11: 4 | K11: 4 | L11: 5 | M11: 5 | N11: 4 | O11: 5 | P11: 5 | Q11: 4 | R11: 4 | S11: 4
A12: 11 | B12: 18-25 | C12: Hombre | D12: Sí | E12: Sí | F12: 6 meses - 1 año | G12: Revolut | H12: 5 | I12: 4 | J12: 4 | K12: 4 | L12: 5 | M12: 5 | N12: 5 | O12: 3 | P12: 4 | Q12: 5 | R12: 4 | S12: 4
A13: 12 | B13: 18-25 | C13: Mujer | D13: Sí | E13: Sí | F13: 6 meses - 1 año | G13: Revolut | H13: 5 | I13: 5 | J13: 4 | K13: 3 | L13: 4 | M13: 4 | N13: 5 | O13: 5 | P13: 5 | Q13: 5 | R13: 5 | S13: 5
... A172: 171 | B172: 26-35 | C172: Hombre | D172: No | E172: Sí | F172: 6 meses - 1 año | G172: Santander | H172: 4 | I172: 4 | J172: 5 | K172: 3 | L172: 4 | M172: 4 | N172: 4 | O172: 4 | P172: 4 | Q172: 4 | R172: 4 | S172: 3

Sheet Aux_Rangos
A1: Rango_Fac | B1: Rango_Int | C1: Rango_Seg | D1: Rango_PDat | E1: Rango_Conf | F1: Rango_Fia | G1: Rango_Cost | H1: Rango_Val | I1: Rango_Sat | J1: Rango_Exp | K1: Rango_Int2 | L1: Rango_Rec
A2: =RANK('1. Datos'!H2,'1. Datos'!H$2:H$172,1)+(COUNTIF('1. Datos'!H$2:H$172,'1. Datos'!H2)-1)/2 -> 41.5 | B2: =RANK('1. Datos'!I2,'1. Datos'!I$2:I$172,1)+(COUNTIF('1. Datos'!I$2:I$172,'1. Datos'!I2)-1)/2 -> 138 | C2: =RANK('1. Datos'!J2,'1. Datos'!J$2:J$172,1)+(COUNTIF('1. Datos'!J$2:J$172,'1. Datos'!J2)-1)/2 -> 10.5 | D2: =RANK('1. Datos'!K2,'1. Datos'!K$2:K$172,1)+(COUNTIF('1. Datos'!K$2:K$172,'1. Datos'!K2)-1)/2 -> 1.5 | E2: =RANK('1. Datos'!L2,'1. Datos'!L$2:L$172,1)+(COUNTIF('1. Datos'!L$2:L$172,'1. Datos'!L2)-1)/2 -> 55.5 | F2: =RANK('1. Datos'!M2,'1. Datos'!M$2:M$172,1)+(COUNTIF('1. Datos'!M$2:M$172,'1. Datos'!M2)-1)/2 -> 4 | G2: =RANK('1. Datos'!N2,'1. Datos'!N$2:N$172,1)+(COUNTIF('1. Datos'!N$2:N$172,'1. Datos'!N2)-1)/2 -> 127 | H2: =RANK('1. Datos'!O2,'1. Datos'!O$2:O$172,1)+(COUNTIF('1. Datos'!O$2:O$172,'1. Datos'!O2)-1)/2 -> 126 | ... L2: =RANK('1. Datos'!S2,'1. Datos'!S$2:S$172,1)+(COUNTIF('1. Datos'!S$2:S$172,'1. Datos'!S2)-1)/2 -> 124.5
A3: =RANK('1. Datos'!H3,'1. Datos'!H$2:H$172,1)+(COUNTIF('1. Datos'!H$2:H$172,'1. Datos'!H3)-1)/2 -> 41.5 | B3: =RANK('1. Datos'!I3,'1. Datos'!I$2:I$172,1)+(COUNTIF('1. Datos'!I$2:I$172,'1. Datos'!I3)-1)/2 -> 57.5 | C3: =RANK('1. Datos'!J3,'1. Datos'!J$2:J$172,1)+(COUNTIF('1. Datos'!J$2:J$172,'1. Datos'!J3)-1)/2 -> 137.5 | D3: =RANK('1. Datos'!K3,'1. Datos'!K$2:K$172,1)+(COUNTIF('1. Datos'!K$2:K$172,'1. Datos'!K3)-1)/2 -> 11 | E3: =RANK('1. Datos'!L3,'1. Datos'!L$2:L$172,1)+(COUNTIF('1. Datos'!L$2:L$172,'1. Datos'!L3)-1)/2 -> 55.5 | F3: =RANK('1. Datos'!M3,'1. Datos'!M$2:M$172,1)+(COUNTIF('1. Datos'!M$2:M$172,'1. Datos'!M3)-1)/2 -> 57.5 | G3: =RANK('1. Datos'!N3,'1. Datos'!N$2:N$172,1)+(COUNTIF('1. Datos'!N$2:N$172,'1. Datos'!N3)-1)/2 -> 16 | H3: =RANK('1. Datos'!O3,'1. Datos'!O$2:O$172,1)+(COUNTIF('1. Datos'!O$2:O$172,'1. Datos'!O3)-1)/2 -> 9.5 | ... L3: =RANK('1. Datos'!S3,'1. Datos'!S$2:S$172,1)+(COUNTIF('1. Datos'!S$2:S$172,'1. Datos'!S3)-1)/2 -> 14
A4: =RANK('1. Datos'!H4,'1. Datos'!H$2:H$172,1)+(COUNTIF('1. Datos'!H$2:H$172,'1. Datos'!H4)-1)/2 -> 125 | B4: =RANK('1. Datos'!I4,'1. Datos'!I$2:I$172,1)+(COUNTIF('1. Datos'!I$2:I$172,'1. Datos'!I4)-1)/2 -> 57.5 | C4: =RANK('1. Datos'!J4,'1. Datos'!J$2:J$172,1)+(COUNTIF('1. Datos'!J$2:J$172,'1. Datos'!J4)-1)/2 -> 62 | D4: =RANK('1. Datos'!K4,'1. Datos'!K$2:K$172,1)+(COUNTIF('1. Datos'!K$2:K$172,'1. Datos'!K4)-1)/2 -> 11 | E4: =RANK('1. Datos'!L4,'1. Datos'!L$2:L$172,1)+(COUNTIF('1. Datos'!L$2:L$172,'1. Datos'!L4)-1)/2 -> 55.5 | F4: =RANK('1. Datos'!M4,'1. Datos'!M$2:M$172,1)+(COUNTIF('1. Datos'!M$2:M$172,'1. Datos'!M4)-1)/2 -> 4 | G4: =RANK('1. Datos'!N4,'1. Datos'!N$2:N$172,1)+(COUNTIF('1. Datos'!N$2:N$172,'1. Datos'!N4)-1)/2 -> 53 | H4: =RANK('1. Datos'!O4,'1. Datos'!O$2:O$172,1)+(COUNTIF('1. Datos'!O$2:O$172,'1. Datos'!O4)-1)/2 -> 49 | ... L4: =RANK('1. Datos'!S4,'1. Datos'!S$2:S$172,1)+(COUNTIF('1. Datos'!S$2:S$172,'1. Datos'!S4)-1)/2 -> 124.5
A5: =RANK('1. Datos'!H5,'1. Datos'!H$2:H$172,1)+(COUNTIF('1. Datos'!H$2:H$172,'1. Datos'!H5)-1)/2 -> 125 | B5: =RANK('1. Datos'!I5,'1. Datos'!I$2:I$172,1)+(COUNTIF('1. Datos'!I$2:I$172,'1. Datos'!I5)-1)/2 -> 138 | C5: =RANK('1. Datos'!J5,'1. Datos'!J$2:J$172,1)+(COUNTIF('1. Datos'!J$2:J$172,'1. Datos'!J5)-1)/2 -> 62 | D5: =RANK('1. Datos'!K5,'1. Datos'!K$2:K$172,1)+(COUNTIF('1. Datos'!K$2:K$172,'1. Datos'!K5)-1)/2 -> 39 | E5: =RANK('1. Datos'!L5,'1. Datos'!L$2:L$172,1)+(COUNTIF('1. Datos'!L$2:L$172,'1. Datos'!L5)-1)/2 -> 10.5 | F5: =RANK('1. Datos'!M5,'1. Datos'!M$2:M$172,1)+(COUNTIF('1. Datos'!M$2:M$172,'1. Datos'!M5)-1)/2 -> 57.5 | G5: =RANK('1. Datos'!N5,'1. Datos'!N$2:N$172,1)+(COUNTIF('1. Datos'!N$2:N$172,'1. Datos'!N5)-1)/2 -> 127 | H5: =RANK('1. Datos'!O5,'1. Datos'!O$2:O$172,1)+(COUNTIF('1. Datos'!O$2:O$172,'1. Datos'!O5)-1)/2 -> 126 | ... L5: =RANK('1. Datos'!S5,'1. Datos'!S$2:S$172,1)+(COUNTIF('1. Datos'!S$2:S$172,'1. Datos'!S5)-1)/2 -> 124.5
A6: =RANK('1. Datos'!H6,'1. Datos'!H$2:H$172,1)+(COUNTIF('1. Datos'!H$2:H$172,'1. Datos'!H6)-1)/2 -> 125 | B6: =RANK('1. Datos'!I6,'1. Datos'!I$2:I$172,1)+(COUNTIF('1. Datos'!I$2:I$172,'1. Datos'!I6)-1)/2 -> 138 | C6: =RANK('1. Datos'!J6,'1. Datos'!J$2:J$172,1)+(COUNTIF('1. Datos'!J$2:J$172,'1. Datos'!J6)-1)/2 -> 137.5 | D6: =RANK('1. Datos'!K6,'1. Datos'!K$2:K$172,1)+(COUNTIF('1. Datos'!K$2:K$172,'1. Datos'!K6)-1)/2 -> 39 | E6: =RANK('1. Datos'!L6,'1. Datos'!L$2:L$172,1)+(COUNTIF('1. Datos'!L$2:L$172,'1. Datos'!L6)-1)/2 -> 132 | F6: =RANK('1. Datos'!M6,'1. Datos'!M$2:M$172,1)+(COUNTIF('1. Datos'!M$2:M$172,'1. Datos'!M6)-1)/2 -> 139.5 | G6: =RANK('1. Datos'!N6,'1. Datos'!N$2:N$172,1)+(COUNTIF('1. Datos'!N$2:N$172,'1. Datos'!N6)-1)/2 -> 53 | H6: =RANK('1. Datos'!O6,'1. Datos'!O$2:O$172,1)+(COUNTIF('1. Datos'!O$2:O$172,'1. Datos'!O6)-1)/2 -> 9.5 | ... L6: =RANK('1. Datos'!S6,'1. Datos'!S$2:S$172,1)+(COUNTIF('1. Datos'!S$2:S$172,'1. Datos'!S6)-1)/2 -> 51.5
A7: =RANK('1. Datos'!H7,'1. Datos'!H$2:H$172,1)+(COUNTIF('1. Datos'!H$2:H$172,'1. Datos'!H7)-1)/2 -> 125 | B7: =RANK('1. Datos'!I7,'1. Datos'!I$2:I$172,1)+(COUNTIF('1. Datos'!I$2:I$172,'1. Datos'!I7)-1)/2 -> 138 | C7: =RANK('1. Datos'!J7,'1. Datos'!J$2:J$172,1)+(COUNTIF('1. Datos'!J$2:J$172,'1. Datos'!J7)-1)/2 -> 62 | D7: =RANK('1. Datos'!K7,'1. Datos'!K$2:K$172,1)+(COUNTIF('1. Datos'!K$2:K$172,'1. Datos'!K7)-1)/2 -> 149 | E7: =RANK('1. Datos'!L7,'1. Datos'!L$2:L$172,1)+(COUNTIF('1. Datos'!L$2:L$172,'1. Datos'!L7)-1)/2 -> 132 | F7: =RANK('1. Datos'!M7,'1. Datos'!M$2:M$172,1)+(COUNTIF('1. Datos'!M$2:M$172,'1. Datos'!M7)-1)/2 -> 57.5 | G7: =RANK('1. Datos'!N7,'1. Datos'!N$2:N$172,1)+(COUNTIF('1. Datos'!N$2:N$172,'1. Datos'!N7)-1)/2 -> 53 | H7: =RANK('1. Datos'!O7,'1. Datos'!O$2:O$172,1)+(COUNTIF('1. Datos'!O$2:O$172,'1. Datos'!O7)-1)/2 -> 49 | ... L7: =RANK('1. Datos'!S7,'1. Datos'!S$2:S$172,1)+(COUNTIF('1. Datos'!S$2:S$172,'1. Datos'!S7)-1)/2 -> 124.5
A8: =RANK('1. Datos'!H8,'1. Datos'!H$2:H$172,1)+(COUNTIF('1. Datos'!H$2:H$172,'1. Datos'!H8)-1)/2 -> 125 | B8: =RANK('1. Datos'!I8,'1. Datos'!I$2:I$172,1)+(COUNTIF('1. Datos'!I$2:I$172,'1. Datos'!I8)-1)/2 -> 57.5 | C8: =RANK('1. Datos'!J8,'1. Datos'!J$2:J$172,1)+(COUNTIF('1. Datos'!J$2:J$172,'1. Datos'!J8)-1)/2 -> 62 | D8: =RANK('1. Datos'!K8,'1. Datos'!K$2:K$172,1)+(COUNTIF('1. Datos'!K$2:K$172,'1. Datos'!K8)-1)/2 -> 92.5 | E8: =RANK('1. Datos'!L8,'1. Datos'!L$2:L$172,1)+(COUNTIF('1. Datos'!L$2:L$172,'1. Datos'!L8)-1)/2 -> 132 | F8: =RANK('1. Datos'!M8,'1. Datos'!M$2:M$172,1)+(COUNTIF('1. Datos'!M$2:M$172,'1. Datos'!M8)-1)/2 -> 139.5 | G8: =RANK('1. Datos'!N8,'1. Datos'!N$2:N$172,1)+(COUNTIF('1. Datos'!N$2:N$172,'1. Datos'!N8)-1)/2 -> 53 | H8: =RANK('1. Datos'!O8,'1. Datos'!O$2:O$172,1)+(COUNTIF('1. Datos'!O$2:O$172,'1. Datos'!O8)-1)/2 -> 126 | ... L8: =RANK('1. Datos'!S8,'1. Datos'!S$2:S$172,1)+(COUNTIF('1. Datos'!S$2:S$172,'1. Datos'!S8)-1)/2 -> 14
A9: =RANK('1. Datos'!H9,'1. Datos'!H$2:H$172,1)+(COUNTIF('1. Datos'!H$2:H$172,'1. Datos'!H9)-1)/2 -> 41.5 | B9: =RANK('1. Datos'!I9,'1. Datos'!I$2:I$172,1)+(COUNTIF('1. Datos'!I$2:I$172,'1. Datos'!I9)-1)/2 -> 57.5 | C9: =RANK('1. Datos'!J9,'1. Datos'!J$2:J$172,1)+(COUNTIF('1. Datos'!J$2:J$172,'1. Datos'!J9)-1)/2 -> 137.5 | D9: =RANK('1. Datos'!K9,'1. Datos'!K$2:K$172,1)+(COUNTIF('1. Datos'!K$2:K$172,'1. Datos'!K9)-1)/2 -> 149 | E9: =RANK('1. Datos'!L9,'1. Datos'!L$2:L$172,1)+(COUNTIF('1. Datos'!L$2:L$172,'1. Datos'!L9)-1)/2 -> 132 | F9: =RANK('1. Datos'!M9,'1. Datos'!M$2:M$172,1)+(COUNTIF('1. Datos'!M$2:M$172,'1. Datos'!M9)-1)/2 -> 139.5 | G9: =RANK('1. Datos'!N9,'1. Datos'!N$2:N$172,1)+(COUNTIF('1. Datos'!N$2:N$172,'1. Datos'!N9)-1)/2 -> 53 | H9: =RANK('1. Datos'!O9,'1. Datos'!O$2:O$172,1)+(COUNTIF('1. Datos'!O$2:O$172,'1. Datos'!O9)-1)/2 -> 49 | ... L9: =RANK('1. Datos'!S9,'1. Datos'!S$2:S$172,1)+(COUNTIF('1. Datos'!S$2:S$172,'1. Datos'!S9)-1)/2 -> 14
A10: =RANK('1. Datos'!H10,'1. Datos'!H$2:H$172,1)+(COUNTIF('1. Datos'!H$2:H$172,'1. Datos'!H10)-1)/2 -> 125 | B10: =RANK('1. Datos'!I10,'1. Datos'!I$2:I$172,1)+(COUNTIF('1. Datos'!I$2:I$172,'1. Datos'!I10)-1)/2 -> 57.5 | C10: =RANK('1. Datos'!J10,'1. Datos'!J$2:J$172,1)+(COUNTIF('1. Datos'!J$2:J$172,'1. Datos'!J10)-1)/2 -> 137.5 | D10: =RANK('1. Datos'!K10,'1. Datos'!K$2:K$172,1)+(COUNTIF('1. Datos'!K$2:K$172,'1. Datos'!K10)-1)/2 -> 92.5 | E10: =RANK('1. Datos'!L10,'1. Datos'!L$2:L$172,1)+(COUNTIF('1. Datos'!L$2:L$172,'1. Datos'!L10)-1)/2 -> 55.5 | F10: =RANK('1. Datos'!M10,'1. Datos'!M$2:M$172,1)+(COUNTIF('1. Datos'!M$2:M$172,'1. Datos'!M10)-1)/2 -> 139.5 | G10: =RANK('1. Datos'!N10,'1. Datos'!N$2:N$172,1)+(COUNTIF('1. Datos'!N$2:N$172,'1. Datos'!N10)-1)/2 -> 127 | H10: =RANK('1. Datos'!O10,'1. Datos'!O$2:O$172,1)+(COUNTIF('1. Datos'!O$2:O$172,'1. Datos'!O10)-1)/2 -> 126 | ... L10: =RANK('1. Datos'!S10,'1. Datos'!S$2:S$172,1)+(COUNTIF('1. Datos'!S$2:S$172,'1. Datos'!S10)-1)/2 -> 124.5
A11: =RANK('1. Datos'!H11,'1. Datos'!H$2:H$172,1)+(COUNTIF('1. Datos'!H$2:H$172,'1. Datos'!H11)-1)/2 -> 125 | B11: =RANK('1. Datos'!I11,'1. Datos'!I$2:I$172,1)+(COUNTIF('1. Datos'!I$2:I$172,'1. Datos'!I11)-1)/2 -> 57.5 | C11: =RANK('1. Datos'!J11,'1. Datos'!J$2:J$172,1)+(COUNTIF('1. Datos'!J$2:J$172,'1. Datos'!J11)-1)/2 -> 62 | D11: =RANK('1. Datos'!K11,'1. Datos'!K$2:K$172,1)+(COUNTIF('1. Datos'!K$2:K$172,'1. Datos'!K11)-1)/2 -> 92.5 | E11: =RANK('1. Datos'!L11,'1. Datos'!L$2:L$172,1)+(COUNTIF('1. Datos'!L$2:L$172,'1. Datos'!L11)-1)/2 -> 132 | F11: =RANK('1. Datos'!M11,'1. Datos'!M$2:M$172,1)+(COUNTIF('1. Datos'!M$2:M$172,'1. Datos'!M11)-1)/2 -> 139.5 | G11: =RANK('1. Datos'!N11,'1. Datos'!N$2:N$172,1)+(COUNTIF('1. Datos'!N$2:N$172,'1. Datos'!N11)-1)/2 -> 53 | H11: =RANK('1. Datos'!O11,'1. Datos'!O$2:O$172,1)+(COUNTIF('1. Datos'!O$2:O$172,'1. Datos'!O11)-1)/2 -> 126 | ... L11: =RANK('1. Datos'!S11,'1. Datos'!S$2:S$172,1)+(COUNTIF('1. Datos'!S$2:S$172,'1. Datos'!S11)-1)/2 -> 51.5
A12: =RANK('1. Datos'!H12,'1. Datos'!H$2:H$172,1)+(COUNTIF('1. Datos'!H$2:H$172,'1. Datos'!H12)-1)/2 -> 125 | B12: =RANK('1. Datos'!I12,'1. Datos'!I$2:I$172,1)+(COUNTIF('1. Datos'!I$2:I$172,'1. Datos'!I12)-1)/2 -> 57.5 | C12: =RANK('1. Datos'!J12,'1. Datos'!J$2:J$172,1)+(COUNTIF('1. Datos'!J$2:J$172,'1. Datos'!J12)-1)/2 -> 62 | D12: =RANK('1. Datos'!K12,'1. Datos'!K$2:K$172,1)+(COUNTIF('1. Datos'!K$2:K$172,'1. Datos'!K12)-1)/2 -> 92.5 | E12: =RANK('1. Datos'!L12,'1. Datos'!L$2:L$172,1)+(COUNTIF('1. Datos'!L$2:L$172,'1. Datos'!L12)-1)/2 -> 132 | F12: =RANK('1. Datos'!M12,'1. Datos'!M$2:M$172,1)+(COUNTIF('1. Datos'!M$2:M$172,'1. Datos'!M12)-1)/2 -> 139.5 | G12: =RANK('1. Datos'!N12,'1. Datos'!N$2:N$172,1)+(COUNTIF('1. Datos'!N$2:N$172,'1. Datos'!N12)-1)/2 -> 127 | H12: =RANK('1. Datos'!O12,'1. Datos'!O$2:O$172,1)+(COUNTIF('1. Datos'!O$2:O$172,'1. Datos'!O12)-1)/2 -> 9.5 | ... L12: =RANK('1. Datos'!S12,'1. Datos'!S$2:S$172,1)+(COUNTIF('1. Datos'!S$2:S$172,'1. Datos'!S12)-1)/2 -> 51.5
A13: =RANK('1. Datos'!H13,'1. Datos'!H$2:H$172,1)+(COUNTIF('1. Datos'!H$2:H$172,'1. Datos'!H13)-1)/2 -> 125 | B13: =RANK('1. Datos'!I13,'1. Datos'!I$2:I$172,1)+(COUNTIF('1. Datos'!I$2:I$172,'1. Datos'!I13)-1)/2 -> 138 | C13: =RANK('1. Datos'!J13,'1. Datos'!J$2:J$172,1)+(COUNTIF('1. Datos'!J$2:J$172,'1. Datos'!J13)-1)/2 -> 62 | D13: =RANK('1. Datos'!K13,'1. Datos'!K$2:K$172,1)+(COUNTIF('1. Datos'!K$2:K$172,'1. Datos'!K13)-1)/2 -> 39 | E13: =RANK('1. Datos'!L13,'1. Datos'!L$2:L$172,1)+(COUNTIF('1. Datos'!L$2:L$172,'1. Datos'!L13)-1)/2 -> 55.5 | F13: =RANK('1. Datos'!M13,'1. Datos'!M$2:M$172,1)+(COUNTIF('1. Datos'!M$2:M$172,'1. Datos'!M13)-1)/2 -> 57.5 | G13: =RANK('1. Datos'!N13,'1. Datos'!N$2:N$172,1)+(COUNTIF('1. Datos'!N$2:N$172,'1. Datos'!N13)-1)/2 -> 127 | H13: =RANK('1. Datos'!O13,'1. Datos'!O$2:O$172,1)+(COUNTIF('1. Datos'!O$2:O$172,'1. Datos'!O13)-1)/2 -> 126 | ... L13: =RANK('1. Datos'!S13,'1. Datos'!S$2:S$172,1)+(COUNTIF('1. Datos'!S$2:S$172,'1. Datos'!S13)-1)/2 -> 124.5
... A172: =RANK('1. Datos'!H172,'1. Datos'!H$2:H$172,1)+(COUNTIF('1. Datos'!H$2:H$172,'1. Datos'!H172)-1)/2 -> 41.5 | B172: =RANK('1. Datos'!I172,'1. Datos'!I$2:I$172,1)+(COUNTIF('1. Datos'!I$2:I$172,'1. Datos'!I172)-1)/2 -> 57.5 | C172: =RANK('1. Datos'!J172,'1. Datos'!J$2:J$172,1)+(COUNTIF('1. Datos'!J$2:J$172,'1. Datos'!J172)-1)/2 -> 137.5 | D172: =RANK('1. Datos'!K172,'1. Datos'!K$2:K$172,1)+(COUNTIF('1. Datos'!K$2:K$172,'1. Datos'!K172)-1)/2 -> 39 | E172: =RANK('1. Datos'!L172,'1. Datos'!L$2:L$172,1)+(COUNTIF('1. Datos'!L$2:L$172,'1. Datos'!L172)-1)/2 -> 55.5 | F172: =RANK('1. Datos'!M172,'1. Datos'!M$2:M$172,1)+(COUNTIF('1. Datos'!M$2:M$172,'1. Datos'!M172)-1)/2 -> 57.5 | G172: =RANK('1. Datos'!N172,'1. Datos'!N$2:N$172,1)+(COUNTIF('1. Datos'!N$2:N$172,'1. Datos'!N172)-1)/2 -> 53 | H172: =RANK('1. Datos'!O172,'1. Datos'!O$2:O$172,1)+(COUNTIF('1. Datos'!O$2:O$172,'1. Datos'!O172)-1)/2 -> 49 | ... L172: =RANK('1. Datos'!S172,'1. Datos'!S$2:S$172,1)+(COUNTIF('1. Datos'!S$2:S$172,'1. Datos'!S172)-1)/2 -> 14

Sheet 2. Estadística Descriptiva
A1: Estadisticos descriptivos - Variables Likert (n=171)
A2: Variable | B2: Abrev. | C2: n | D2: Media | E2: Desv. Típ. | F2: Mín. | G2: P25 | H2: Mediana | I2: P75 | J2: Máx.
A3: Facilidad de uso | B3: Fac | C3: =COUNTA('1. Datos'!H$2:H$172) -> 171 | D3: =AVERAGE('1. Datos'!H$2:H$172) -> 4.5204678 | E3: =STDEV('1. Datos'!H$2:H$172) -> 0.54599269 | F3: =MIN('1. Datos'!H$2:H$172) -> 3 | G3: =QUARTILE('1. Datos'!H$2:H$172,1) -> 4 | H3: =MEDIAN('1. Datos'!H$2:H$172) -> 5 | I3: =QUARTILE('1. Datos'!H$2:H$172,3) -> 5 | J3: =MAX('1. Datos'!H$2:H$172) -> 5
A4: Interfaz clara e intuitiva | B4: Int | C4: =COUNTA('1. Datos'!I$2:I$172) -> 171 | D4: =AVERAGE('1. Datos'!I$2:I$172) -> 4.3333333 | E4: =STDEV('1. Datos'!I$2:I$172) -> 0.58410313 | F4: =MIN('1. Datos'!I$2:I$172) -> 3 | G4: =QUARTILE('1. Datos'!I$2:I$172,1) -> 4 | H4: =MEDIAN('1. Datos'!I$2:I$172) -> 4 | I4: =QUARTILE('1. Datos'!I$2:I$172,3) -> 5 | J4: =MAX('1. Datos'!I$2:I$172) -> 5
A5: Seguridad percibida | B5: Seg | C5: =COUNTA('1. Datos'!J$2:J$172) -> 171 | D5: =AVERAGE('1. Datos'!J$2:J$172) -> 4.2807018 | E5: =STDEV('1. Datos'!J$2:J$172) -> 0.66211033 | F5: =MIN('1. Datos'!J$2:J$172) -> 3 | G5: =QUARTILE('1. Datos'!J$2:J$172,1) -> 4 | H5: =MEDIAN('1. Datos'!J$2:J$172) -> 4 | I5: =QUARTILE('1. Datos'!J$2:J$172,3) -> 5 | J5: =MAX('1. Datos'!J$2:J$172) -> 5
A6: Protección de datos | B6: PDat | C6: =COUNTA('1. Datos'!K$2:K$172) -> 171 | D6: =AVERAGE('1. Datos'!K$2:K$172) -> 3.8011696 | E6: =STDEV('1. Datos'!K$2:K$172) -> 0.97991526 | F6: =MIN('1. Datos'!K$2:K$172) -> 1 | G6: =QUARTILE('1. Datos'!K$2:K$172,1) -> 3 | H6: =MEDIAN('1. Datos'!K$2:K$172) -> 4 | I6: =QUARTILE('1. Datos'!K$2:K$172,3) -> 5 | J6: =MAX('1. Datos'!K$2:K$172) -> 5
A7: Confianza en la entidad | B7: Conf | C7: =COUNTA('1. Datos'!L$2:L$172) -> 171 | D7: =AVERAGE('1. Datos'!L$2:L$172) -> 4.3450292 | E7: =STDEV('1. Datos'!L$2:L$172) -> 0.69723519 | F7: =MIN('1. Datos'!L$2:L$172) -> 2 | G7: =QUARTILE('1. Datos'!L$2:L$172,1) -> 4 | H7: =MEDIAN('1. Datos'!L$2:L$172) -> 4 | I7: =QUARTILE('1. Datos'!L$2:L$172,3) -> 5 | J7: =MAX('1. Datos'!L$2:L$172) -> 5
A8: Fiabilidad de la app | B8: Fia | C8: =COUNTA('1. Datos'!M$2:M$172) -> 171 | D8: =AVERAGE('1. Datos'!M$2:M$172) -> 4.3333333 | E8: =STDEV('1. Datos'!M$2:M$172) -> 0.55306632 | F8: =MIN('1. Datos'!M$2:M$172) -> 3 | G8: =QUARTILE('1. Datos'!M$2:M$172,1) -> 4 | H8: =MEDIAN('1. Datos'!M$2:M$172) -> 4 | I8: =QUARTILE('1. Datos'!M$2:M$172,3) -> 5 | J8: =MAX('1. Datos'!M$2:M$172) -> 5
A9: Costes percibidos | B9: Cost | C9: =COUNTA('1. Datos'!N$2:N$172) -> 171 | D9: =AVERAGE('1. Datos'!N$2:N$172) -> 4.3391813 | E9: =STDEV('1. Datos'!N$2:N$172) -> 0.82721178 | F9: =MIN('1. Datos'!N$2:N$172) -> 2 | G9: =QUARTILE('1. Datos'!N$2:N$172,1) -> 4 | H9: =MEDIAN('1. Datos'!N$2:N$172) -> 5 | I9: =QUARTILE('1. Datos'!N$2:N$172,3) -> 5 | J9: =MAX('1. Datos'!N$2:N$172) -> 5
A10: Valor por el dinero | B10: Val | C10: =COUNTA('1. Datos'!O$2:O$172) -> 171 | D10: =AVERAGE('1. Datos'!O$2:O$172) -> 4.4269006 | E10: =STDEV('1. Datos'!O$2:O$172) -> 0.68529194 | F10: =MIN('1. Datos'!O$2:O$172) -> 2 | G10: =QUARTILE('1. Datos'!O$2:O$172,1) -> 4 | H10: =MEDIAN('1. Datos'!O$2:O$172) -> 5 | I10: =QUARTILE('1. Datos'!O$2:O$172,3) -> 5 | J10: =MAX('1. Datos'!O$2:O$172) -> 5
A11: Satisfacción | B11: Sat | C11: =COUNTA('1. Datos'!P$2:P$172) -> 171 | D11: =AVERAGE('1. Datos'!P$2:P$172) -> 4.5204678 | E11: =STDEV('1. Datos'!P$2:P$172) -> 0.60720363 | F11: =MIN('1. Datos'!P$2:P$172) -> 3 | G11: =QUARTILE('1. Datos'!P$2:P$172,1) -> 4 | H11: =MEDIAN('1. Datos'!P$2:P$172) -> 5 | I11: =QUARTILE('1. Datos'!P$2:P$172,3) -> 5 | J11: =MAX('1. Datos'!P$2:P$172) -> 5
A12: Cumplimiento de expectativas | B12: Exp | C12: =COUNTA('1. Datos'!Q$2:Q$172) -> 171 | D12: =AVERAGE('1. Datos'!Q$2:Q$172) -> 4.5555556 | E12: =STDEV('1. Datos'!Q$2:Q$172) -> 0.52143593 | F12: =MIN('1. Datos'!Q$2:Q$172) -> 3 | G12: =QUARTILE('1. Datos'!Q$2:Q$172,1) -> 4 | H12: =MEDIAN('1. Datos'!Q$2:Q$172) -> 5 | I12: =QUARTILE('1. Datos'!Q$2:Q$172,3) -> 5 | J12: =MAX('1. Datos'!Q$2:Q$172) -> 5
A13: Intención de uso futuro | B13: Int2 | C13: =COUNTA('1. Datos'!R$2:R$172) -> 171 | D13: =AVERAGE('1. Datos'!R$2:R$172) -> 4.6023392 | E13: =STDEV('1. Datos'!R$2:R$172) -> 0.55814327 | F13: =MIN('1. Datos'!R$2:R$172) -> 1 | G13: =QUARTILE('1. Datos'!R$2:R$172,1) -> 4 | H13: =MEDIAN('1. Datos'!R$2:R$172) -> 5 | I13: =QUARTILE('1. Datos'!R$2:R$172,3) -> 5 | J13: =MAX('1. Datos'!R$2:R$172) -> 5
A14: Recomendación | B14: Rec | C14: =COUNTA('1. Datos'!S$2:S$172) -> 171 | D14: =AVERAGE('1. Datos'!S$2:S$172) -> 4.3859649 | E14: =STDEV('1. Datos'!S$2:S$172) -> 0.78413053 | F14: =MIN('1. Datos'!S$2:S$172) -> 1 | G14: =QUARTILE('1. Datos'!S$2:S$172,1) -> 4 | H14: =MEDIAN('1. Datos'!S$2:S$172) -> 5 | I14: =QUARTILE('1. Datos'!S$2:S$172,3) -> 5 | J14: =MAX('1. Datos'!S$2:S$172) -> 5
A16: * Sat = la variable que uso como dependiente (satisfaccion con la app) - destacada en amarillo
A17: * formulas usadas: AVERAGE, STDEV, MIN, MAX, QUARTILE y MEDIAN - todas sobre los 171 datos validos
A18: * n=171 en todos los casos (solo respuestas validas, filtradas en la hoja Datos)

Sheet 3. Correlaciones Spearman
A1: Correlaciones de Spearman con Satisfacción (n=171) - fórmula: CORREL sobre rangos + T.DIST.2T para p-valores
A2: Variable | B2: Abrev. | C2: ρ (rho) | D2: Estadístico t | E2: p-valor | F2: Significación | G2: Interpretación
A3: Costes percibidos | B3: Cost | C3: =CORREL(Aux_Rangos!G$2:G$172,Aux_Rangos!I$2:I$172) -> 0.32440704 | D3: =C3*SQRT(169)/SQRT(1-C3^2) -> 4.4584133 | E3: =IF(TDIST(ABS(D3),169,2)<0.001,"<0.001",ROUND(TDIST(ABS(D3),169,2),4)) -> <0.001 | F3: =IF(TDIST(ABS(D3),169,2)<0.001,"***",IF(TDIST(ABS(D3),169,2)<0.01,"**",IF(TDIST(ABS(D3),169,2)<0.05,"*","n.s."))) -> *** | G3: =IF(TDIST(ABS(D3),169,2)>=0.05,"Muy baja / no sig.",IF(ABS(C3)>=0.5,"Fuerte",IF(ABS(C3)>=0.3,"Moderada",IF(ABS(C3)>=0.1,"Débil","Muy baja / no sig.")))) -> Moderada
A4: Intención de uso futuro | B4: Int2 | C4: =CORREL(Aux_Rangos!K$2:K$172,Aux_Rangos!I$2:I$172) -> 0.32345271 | D4: =C4*SQRT(169)/SQRT(1-C4^2) -> 4.4437626 | E4: =IF(TDIST(ABS(D4),169,2)<0.001,"<0.001",ROUND(TDIST(ABS(D4),169,2),4)) -> <0.001 | F4: =IF(TDIST(ABS(D4),169,2)<0.001,"***",IF(TDIST(ABS(D4),169,2)<0.01,"**",IF(TDIST(ABS(D4),169,2)<0.05,"*","n.s."))) -> *** | G4: =IF(TDIST(ABS(D4),169,2)>=0.05,"Muy baja / no sig.",IF(ABS(C4)>=0.5,"Fuerte",IF(ABS(C4)>=0.3,"Moderada",IF(ABS(C4)>=0.1,"Débil","Muy baja / no sig.")))) -> Moderada
A5: Recomendación | B5: Rec | C5: =CORREL(Aux_Rangos!L$2:L$172,Aux_Rangos!I$2:I$172) -> 0.29838568 | D5: =C5*SQRT(169)/SQRT(1-C5^2) -> 4.0641549 | E5: =IF(TDIST(ABS(D5),169,2)<0.001,"<0.001",ROUND(TDIST(ABS(D5),169,2),4)) -> <0.001 | F5: =IF(TDIST(ABS(D5),169,2)<0.001,"***",IF(TDIST(ABS(D5),169,2)<0.01,"**",IF(TDIST(ABS(D5),169,2)<0.05,"*","n.s."))) -> *** | G5: =IF(TDIST(ABS(D5),169,2)>=0.05,"Muy baja / no sig.",IF(ABS(C5)>=0.5,"Fuerte",IF(ABS(C5)>=0.3,"Moderada",IF(ABS(C5)>=0.1,"Débil","Muy baja / no sig.")))) -> Débil
A6: Valor por el dinero | B6: Val | C6: =CORREL(Aux_Rangos!H$2:H$172,Aux_Rangos!I$2:I$172) -> 0.28202572 | D6: =C6*SQRT(169)/SQRT(1-C6^2) -> 3.8214595 | E6: =IF(TDIST(ABS(D6),169,2)<0.001,"<0.001",ROUND(TDIST(ABS(D6),169,2),4)) -> <0.001 | F6: =IF(TDIST(ABS(D6),169,2)<0.001,"***",IF(TDIST(ABS(D6),169,2)<0.01,"**",IF(TDIST(ABS(D6),169,2)<0.05,"*","n.s."))) -> *** | G6: =IF(TDIST(ABS(D6),169,2)>=0.05,"Muy baja / no sig.",IF(ABS(C6)>=0.5,"Fuerte",IF(ABS(C6)>=0.3,"Moderada",IF(ABS(C6)>=0.1,"Débil","Muy baja / no sig.")))) -> Débil
A7: Cumplimiento de expectativas | B7: Exp | C7: =CORREL(Aux_Rangos!J$2:J$172,Aux_Rangos!I$2:I$172) -> 0.24057556 | D7: =C7*SQRT(169)/SQRT(1-C7^2) -> 3.2221144 | E7: =IF(TDIST(ABS(D7),169,2)<0.001,"<0.001",ROUND(TDIST(ABS(D7),169,2),4)) -> 0.0015 | F7: =IF(TDIST(ABS(D7),169,2)<0.001,"***",IF(TDIST(ABS(D7),169,2)<0.01,"**",IF(TDIST(ABS(D7),169,2)<0.05,"*","n.s."))) -> ** | G7: =IF(TDIST(ABS(D7),169,2)>=0.05,"Muy baja / no sig.",IF(ABS(C7)>=0.5,"Fuerte",IF(ABS(C7)>=0.3,"Moderada",IF(ABS(C7)>=0.1,"Débil","Muy baja / no sig.")))) -> Débil
A8: Facilidad de uso | B8: Fac | C8: =CORREL(Aux_Rangos!A$2:A$172,Aux_Rangos!I$2:I$172) -> 0.22279971 | D8: =C8*SQRT(169)/SQRT(1-C8^2) -> 2.9710765 | E8: =IF(TDIST(ABS(D8),169,2)<0.001,"<0.001",ROUND(TDIST(ABS(D8),169,2),4)) -> 0.0034 | F8: =IF(TDIST(ABS(D8),169,2)<0.001,"***",IF(TDIST(ABS(D8),169,2)<0.01,"**",IF(TDIST(ABS(D8),169,2)<0.05,"*","n.s."))) -> ** | G8: =IF(TDIST(ABS(D8),169,2)>=0.05,"Muy baja / no sig.",IF(ABS(C8)>=0.5,"Fuerte",IF(ABS(C8)>=0.3,"Moderada",IF(ABS(C8)>=0.1,"Débil","Muy baja / no sig.")))) -> Débil
A9: Seguridad percibida | B9: Seg | C9: =CORREL(Aux_Rangos!C$2:C$172,Aux_Rangos!I$2:I$172) -> 0.087576422 | D9: =C9*SQRT(169)/SQRT(1-C9^2) -> 1.1428847 | E9: =IF(TDIST(ABS(D9),169,2)<0.001,"<0.001",ROUND(TDIST(ABS(D9),169,2),4)) -> 0.2547 | F9: =IF(TDIST(ABS(D9),169,2)<0.001,"***",IF(TDIST(ABS(D9),169,2)<0.01,"**",IF(TDIST(ABS(D9),169,2)<0.05,"*","n.s."))) -> n.s. | G9: =IF(TDIST(ABS(D9),169,2)>=0.05,"Muy baja / no sig.",IF(ABS(C9)>=0.5,"Fuerte",IF(ABS(C9)>=0.3,"Moderada",IF(ABS(C9)>=0.1,"Débil","Muy baja / no sig.")))) -> Muy baja / no sig.
A10: Interfaz clara e intuitiva | B10: Int | C10: =CORREL(Aux_Rangos!B$2:B$172,Aux_Rangos!I$2:I$172) -> 0.067916696 | D10: =C10*SQRT(169)/SQRT(1-C10^2) -> 0.88496042 | E10: =IF(TDIST(ABS(D10),169,2)<0.001,"<0.001",ROUND(TDIST(ABS(D10),169,2),4)) -> 0.3774 | F10: =IF(TDIST(ABS(D10),169,2)<0.001,"***",IF(TDIST(ABS(D10),169,2)<0.01,"**",IF(TDIST(ABS(D10),169,2)<0.05,"*","n.s."))) -> n.s. | G10: =IF(TDIST(ABS(D10),169,2)>=0.05,"Muy baja / no sig.",IF(ABS(C10)>=0.5,"Fuerte",IF(ABS(C10)>=0.3,"Moderada",IF(ABS(C10)>=0.1,"Débil","Muy baja / no sig.")))) -> Muy baja / no sig.
A11: Confianza en la entidad | B11: Conf | C11: =CORREL(Aux_Rangos!E$2:E$172,Aux_Rangos!I$2:I$172) -> 0.048468484 | D11: =C11*SQRT(169)/SQRT(1-C11^2) -> 0.6308317 | E11: =IF(TDIST(ABS(D11),169,2)<0.001,"<0.001",ROUND(TDIST(ABS(D11),169,2),4)) -> 0.529 | F11: =IF(TDIST(ABS(D11),169,2)<0.001,"***",IF(TDIST(ABS(D11),169,2)<0.01,"**",IF(TDIST(ABS(D11),169,2)<0.05,"*","n.s."))) -> n.s. | G11: =IF(TDIST(ABS(D11),169,2)>=0.05,"Muy baja / no sig.",IF(ABS(C11)>=0.5,"Fuerte",IF(ABS(C11)>=0.3,"Moderada",IF(ABS(C11)>=0.1,"Débil","Muy baja / no sig.")))) -> Muy baja / no sig.
A12: Protección de datos | B12: PDat | C12: =CORREL(Aux_Rangos!D$2:D$172,Aux_Rangos!I$2:I$172) -> 0.018830983 | D12: =C12*SQRT(169)/SQRT(1-C12^2) -> 0.2448462 | E12: =IF(TDIST(ABS(D12),169,2)<0.001,"<0.001",ROUND(TDIST(ABS(D12),169,2),4)) -> 0.8069 | F12: =IF(TDIST(ABS(D12),169,2)<0.001,"***",IF(TDIST(ABS(D12),169,2)<0.01,"**",IF(TDIST(ABS(D12),169,2)<0.05,"*","n.s."))) -> n.s. | G12: =IF(TDIST(ABS(D12),169,2)>=0.05,"Muy baja / no sig.",IF(ABS(C12)>=0.5,"Fuerte",IF(ABS(C12)>=0.3,"Moderada",IF(ABS(C12)>=0.1,"Débil","Muy baja / no sig.")))) -> Muy baja / no sig.
A13: Fiabilidad de la app | B13: Fia | C13: =CORREL(Aux_Rangos!F$2:F$172,Aux_Rangos!I$2:I$172) -> -0.01825236 | D13: =C13*SQRT(169)/SQRT(1-C13^2) -> -0.23732021 | E13: =IF(TDIST(ABS(D13),169,2)<0.001,"<0.001",ROUND(TDIST(ABS(D13),169,2),4)) -> 0.8127 | F13: =IF(TDIST(ABS(D13),169,2)<0.001,"***",IF(TDIST(ABS(D13),169,2)<0.01,"**",IF(TDIST(ABS(D13),169,2)<0.05,"*","n.s."))) -> n.s. | G13: =IF(TDIST(ABS(D13),169,2)>=0.05,"Muy baja / no sig.",IF(ABS(C13)>=0.5,"Fuerte",IF(ABS(C13)>=0.3,"Moderada",IF(ABS(C13)>=0.1,"Débil","Muy baja / no sig.")))) -> Muy baja / no sig.
A15: * rho = CORREL sobre los rangos de cada variable (calculados con RANK+COUNTIF para los empates)
A16: * estadístico t = rho*RAIZ(169)/RAIZ(1-rho^2) - p-valor con TDIST(t,169,2)
A17: * criterio Cohen: fuerte >=0.50, moderada 0.30-0.49, debil 0.10-0.29 - si no es significativo pongo "muy baja / no sig."
A18: * significación: *** p<0.001 / ** p<0.01 / * p<0.05 / n.s. = no significativo
A20: Matriz completa - correlaciones de Spearman entre todas las variables
A21: Variable | B21: Fac | C21: Int | D21: Seg | E21: PDat | F21: Conf | G21: Fia | H21: Cost | I21: Val | J21: Sat | K21: Exp | L21: Int2 | M21: Rec
A22: Fac | B22: 1 | C22: =CORREL(Aux_Rangos!A$2:A$172,Aux_Rangos!B$2:B$172) -> 0.32334096 | D22: =CORREL(Aux_Rangos!A$2:A$172,Aux_Rangos!C$2:C$172) -> 0.052607421 | E22: =CORREL(Aux_Rangos!A$2:A$172,Aux_Rangos!D$2:D$172) -> 0.013140165 | F22: =CORREL(Aux_Rangos!A$2:A$172,Aux_Rangos!E$2:E$172) -> 0.0059258428 | G22: =CORREL(Aux_Rangos!A$2:A$172,Aux_Rangos!F$2:F$172) -> 0.012097866 | H22: =CORREL(Aux_Rangos!A$2:A$172,Aux_Rangos!G$2:G$172) -> 0.15814889 | I22: =CORREL(Aux_Rangos!A$2:A$172,Aux_Rangos!H$2:H$172) -> 0.072556546 | J22: =CORREL(Aux_Rangos!A$2:A$172,Aux_Rangos!I$2:I$172) -> 0.22279971 | K22: =CORREL(Aux_Rangos!A$2:A$172,Aux_Rangos!J$2:J$172) -> 0.074578048 | L22: =CORREL(Aux_Rangos!A$2:A$172,Aux_Rangos!K$2:K$172) -> 0.087767573 | M22: =CORREL(Aux_Rangos!A$2:A$172,Aux_Rangos!L$2:L$172) -> 0.18983703
A23: Int | B23: =CORREL(Aux_Rangos!B$2:B$172,Aux_Rangos!A$2:A$172) -> 0.32334096 | C23: 1 | D23: =CORREL(Aux_Rangos!B$2:B$172,Aux_Rangos!C$2:C$172) -> 0.032963378 | E23: =CORREL(Aux_Rangos!B$2:B$172,Aux_Rangos!D$2:D$172) -> -0.051049542 | F23: =CORREL(Aux_Rangos!B$2:B$172,Aux_Rangos!E$2:E$172) -> -0.15150732 | G23: =CORREL(Aux_Rangos!B$2:B$172,Aux_Rangos!F$2:F$172) -> -0.054828246 | H23: =CORREL(Aux_Rangos!B$2:B$172,Aux_Rangos!G$2:G$172) -> 0.15757185 | I23: =CORREL(Aux_Rangos!B$2:B$172,Aux_Rangos!H$2:H$172) -> 0.08088738 | J23: =CORREL(Aux_Rangos!B$2:B$172,Aux_Rangos!I$2:I$172) -> 0.067916696 | K23: =CORREL(Aux_Rangos!B$2:B$172,Aux_Rangos!J$2:J$172) -> 0.1312101 | L23: =CORREL(Aux_Rangos!B$2:B$172,Aux_Rangos!K$2:K$172) -> -0.10894077 | M23: =CORREL(Aux_Rangos!B$2:B$172,Aux_Rangos!L$2:L$172) -> 0.23892057
A24: Seg | B24: =CORREL(Aux_Rangos!C$2:C$172,Aux_Rangos!A$2:A$172) -> 0.052607421 | C24: =CORREL(Aux_Rangos!C$2:C$172,Aux_Rangos!B$2:B$172) -> 0.032963378 | D24: 1 | E24: =CORREL(Aux_Rangos!C$2:C$172,Aux_Rangos!D$2:D$172) -> 0.21120544 | F24: =CORREL(Aux_Rangos!C$2:C$172,Aux_Rangos!E$2:E$172) -> 0.21480645 | G24: =CORREL(Aux_Rangos!C$2:C$172,Aux_Rangos!F$2:F$172) -> -0.031047345 | H24: =CORREL(Aux_Rangos!C$2:C$172,Aux_Rangos!G$2:G$172) -> 0.027077823 | I24: =CORREL(Aux_Rangos!C$2:C$172,Aux_Rangos!H$2:H$172) -> -0.021879566 | J24: =CORREL(Aux_Rangos!C$2:C$172,Aux_Rangos!I$2:I$172) -> 0.087576422 | K24: =CORREL(Aux_Rangos!C$2:C$172,Aux_Rangos!J$2:J$172) -> 0.050662844 | L24: =CORREL(Aux_Rangos!C$2:C$172,Aux_Rangos!K$2:K$172) -> 0.070658721 | M24: =CORREL(Aux_Rangos!C$2:C$172,Aux_Rangos!L$2:L$172) -> 0.10774932
A25: PDat | B25: =CORREL(Aux_Rangos!D$2:D$172,Aux_Rangos!A$2:A$172) -> 0.013140165 | C25: =CORREL(Aux_Rangos!D$2:D$172,Aux_Rangos!B$2:B$172) -> -0.051049542 | D25: =CORREL(Aux_Rangos!D$2:D$172,Aux_Rangos!C$2:C$172) -> 0.21120544 | E25: 1 | F25: =CORREL(Aux_Rangos!D$2:D$172,Aux_Rangos!E$2:E$172) -> 0.31673445 | G25: =CORREL(Aux_Rangos!D$2:D$172,Aux_Rangos!F$2:F$172) -> 0.16606773 | H25: =CORREL(Aux_Rangos!D$2:D$172,Aux_Rangos!G$2:G$172) -> 0.022726998 | I25: =CORREL(Aux_Rangos!D$2:D$172,Aux_Rangos!H$2:H$172) -> 0.0171008 | J25: =CORREL(Aux_Rangos!D$2:D$172,Aux_Rangos!I$2:I$172) -> 0.018830983 | K25: =CORREL(Aux_Rangos!D$2:D$172,Aux_Rangos!J$2:J$172) -> 0.023398983 | L25: =CORREL(Aux_Rangos!D$2:D$172,Aux_Rangos!K$2:K$172) -> 0.039431823 | M25: =CORREL(Aux_Rangos!D$2:D$172,Aux_Rangos!L$2:L$172) -> 0.086489154
A26: Conf | B26: =CORREL(Aux_Rangos!E$2:E$172,Aux_Rangos!A$2:A$172) -> 0.0059258428 | C26: =CORREL(Aux_Rangos!E$2:E$172,Aux_Rangos!B$2:B$172) -> -0.15150732 | D26: =CORREL(Aux_Rangos!E$2:E$172,Aux_Rangos!C$2:C$172) -> 0.21480645 | E26: =CORREL(Aux_Rangos!E$2:E$172,Aux_Rangos!D$2:D$172) -> 0.31673445 | F26: 1 | G26: =CORREL(Aux_Rangos!E$2:E$172,Aux_Rangos!F$2:F$172) -> 0.24164921 | H26: =CORREL(Aux_Rangos!E$2:E$172,Aux_Rangos!G$2:G$172) -> -0.19233654 | I26: =CORREL(Aux_Rangos!E$2:E$172,Aux_Rangos!H$2:H$172) -> -0.20095668 | J26: =CORREL(Aux_Rangos!E$2:E$172,Aux_Rangos!I$2:I$172) -> 0.048468484 | K26: =CORREL(Aux_Rangos!E$2:E$172,Aux_Rangos!J$2:J$172) -> 0.027191342 | L26: =CORREL(Aux_Rangos!E$2:E$172,Aux_Rangos!K$2:K$172) -> -0.10357341 | M26: =CORREL(Aux_Rangos!E$2:E$172,Aux_Rangos!L$2:L$172) -> -0.031391287
A27: Fia | B27: =CORREL(Aux_Rangos!F$2:F$172,Aux_Rangos!A$2:A$172) -> 0.012097866 | C27: =CORREL(Aux_Rangos!F$2:F$172,Aux_Rangos!B$2:B$172) -> -0.054828246 | D27: =CORREL(Aux_Rangos!F$2:F$172,Aux_Rangos!C$2:C$172) -> -0.031047345 | E27: =CORREL(Aux_Rangos!F$2:F$172,Aux_Rangos!D$2:D$172) -> 0.16606773 | F27: =CORREL(Aux_Rangos!F$2:F$172,Aux_Rangos!E$2:E$172) -> 0.24164921 | G27: 1 | H27: =CORREL(Aux_Rangos!F$2:F$172,Aux_Rangos!G$2:G$172) -> 0.13009021 | I27: =CORREL(Aux_Rangos!F$2:F$172,Aux_Rangos!H$2:H$172) -> 0.18533008 | J27: =CORREL(Aux_Rangos!F$2:F$172,Aux_Rangos!I$2:I$172) -> -0.01825236 | K27: =CORREL(Aux_Rangos!F$2:F$172,Aux_Rangos!J$2:J$172) -> 0.24367251 | L27: =CORREL(Aux_Rangos!F$2:F$172,Aux_Rangos!K$2:K$172) -> 0.0076747961 | M27: =CORREL(Aux_Rangos!F$2:F$172,Aux_Rangos!L$2:L$172) -> 0.04685847
A28: Cost | B28: =CORREL(Aux_Rangos!G$2:G$172,Aux_Rangos!A$2:A$172) -> 0.15814889 | C28: =CORREL(Aux_Rangos!G$2:G$172,Aux_Rangos!B$2:B$172) -> 0.15757185 | D28: =CORREL(Aux_Rangos!G$2:G$172,Aux_Rangos!C$2:C$172) -> 0.027077823 | E28: =CORREL(Aux_Rangos!G$2:G$172,Aux_Rangos!D$2:D$172) -> 0.022726998 | F28: =CORREL(Aux_Rangos!G$2:G$172,Aux_Rangos!E$2:E$172) -> -0.19233654 | G28: =CORREL(Aux_Rangos!G$2:G$172,Aux_Rangos!F$2:F$172) -> 0.13009021 | H28: 1 | I28: =CORREL(Aux_Rangos!G$2:G$172,Aux_Rangos!H$2:H$172) -> 0.53400827 | J28: =CORREL(Aux_Rangos!G$2:G$172,Aux_Rangos!I$2:I$172) -> 0.32440704 | K28: =CORREL(Aux_Rangos!G$2:G$172,Aux_Rangos!J$2:J$172) -> 0.26467885 | L28: =CORREL(Aux_Rangos!G$2:G$172,Aux_Rangos!K$2:K$172) -> 0.21492185 | M28: =CORREL(Aux_Rangos!G$2:G$172,Aux_Rangos!L$2:L$172) -> 0.36772065
A29: Val | B29: =CORREL(Aux_Rangos!H$2:H$172,Aux_Rangos!A$2:A$172) -> 0.072556546 | C29: =CORREL(Aux_Rangos!H$2:H$172,Aux_Rangos!B$2:B$172) -> 0.08088738 | D29: =CORREL(Aux_Rangos!H$2:H$172,Aux_Rangos!C$2:C$172) -> -0.021879566 | E29: =CORREL(Aux_Rangos!H$2:H$172,Aux_Rangos!D$2:D$172) -> 0.0171008 | F29: =CORREL(Aux_Rangos!H$2:H$172,Aux_Rangos!E$2:E$172) -> -0.20095668 | G29: =CORREL(Aux_Rangos!H$2:H$172,Aux_Rangos!F$2:F$172) -> 0.18533008 | H29: =CORREL(Aux_Rangos!H$2:H$172,Aux_Rangos!G$2:G$172) -> 0.53400827 | I29: 1 | J29: =CORREL(Aux_Rangos!H$2:H$172,Aux_Rangos!I$2:I$172) -> 0.28202572 | K29: =CORREL(Aux_Rangos!H$2:H$172,Aux_Rangos!J$2:J$172) -> 0.32959762 | L29: =CORREL(Aux_Rangos!H$2:H$172,Aux_Rangos!K$2:K$172) -> 0.26969156 | M29: =CORREL(Aux_Rangos!H$2:H$172,Aux_Rangos!L$2:L$172) -> 0.26136337
A30: Sat | B30: =CORREL(Aux_Rangos!I$2:I$172,Aux_Rangos!A$2:A$172) -> 0.22279971 | C30: =CORREL(Aux_Rangos!I$2:I$172,Aux_Rangos!B$2:B$172) -> 0.067916696 | D30: =CORREL(Aux_Rangos!I$2:I$172,Aux_Rangos!C$2:C$172) -> 0.087576422 | E30: =CORREL(Aux_Rangos!I$2:I$172,Aux_Rangos!D$2:D$172) -> 0.018830983 | F30: =CORREL(Aux_Rangos!I$2:I$172,Aux_Rangos!E$2:E$172) -> 0.048468484 | G30: =CORREL(Aux_Rangos!I$2:I$172,Aux_Rangos!F$2:F$172) -> -0.01825236 | H30: =CORREL(Aux_Rangos!I$2:I$172,Aux_Rangos!G$2:G$172) -> 0.32440704 | I30: =CORREL(Aux_Rangos!I$2:I$172,Aux_Rangos!H$2:H$172) -> 0.28202572 | J30: 1 | K30: =CORREL(Aux_Rangos!I$2:I$172,Aux_Rangos!J$2:J$172) -> 0.24057556 | L30: =CORREL(Aux_Rangos!I$2:I$172,Aux_Rangos!K$2:K$172) -> 0.32345271 | M30: =CORREL(Aux_Rangos!I$2:I$172,Aux_Rangos!L$2:L$172) -> 0.29838568
A31: Exp | B31: =CORREL(Aux_Rangos!J$2:J$172,Aux_Rangos!A$2:A$172) -> 0.074578048 | C31: =CORREL(Aux_Rangos!J$2:J$172,Aux_Rangos!B$2:B$172) -> 0.1312101 | D31: =CORREL(Aux_Rangos!J$2:J$172,Aux_Rangos!C$2:C$172) -> 0.050662844 | E31: =CORREL(Aux_Rangos!J$2:J$172,Aux_Rangos!D$2:D$172) -> 0.023398983 | F31: =CORREL(Aux_Rangos!J$2:J$172,Aux_Rangos!E$2:E$172) -> 0.027191342 | G31: =CORREL(Aux_Rangos!J$2:J$172,Aux_Rangos!F$2:F$172) -> 0.24367251 | H31: =CORREL(Aux_Rangos!J$2:J$172,Aux_Rangos!G$2:G$172) -> 0.26467885 | I31: =CORREL(Aux_Rangos!J$2:J$172,Aux_Rangos!H$2:H$172) -> 0.32959762 | J31: =CORREL(Aux_Rangos!J$2:J$172,Aux_Rangos!I$2:I$172) -> 0.24057556 | K31: 1 | L31: =CORREL(Aux_Rangos!J$2:J$172,Aux_Rangos!K$2:K$172) -> 0.13764349 | M31: =CORREL(Aux_Rangos!J$2:J$172,Aux_Rangos!L$2:L$172) -> 0.19655856
A32: Int2 | B32: =CORREL(Aux_Rangos!K$2:K$172,Aux_Rangos!A$2:A$172) -> 0.087767573 | C32: =CORREL(Aux_Rangos!K$2:K$172,Aux_Rangos!B$2:B$172) -> -0.10894077 | D32: =CORREL(Aux_Rangos!K$2:K$172,Aux_Rangos!C$2:C$172) -> 0.070658721 | E32: =CORREL(Aux_Rangos!K$2:K$172,Aux_Rangos!D$2:D$172) -> 0.039431823 | F32: =CORREL(Aux_Rangos!K$2:K$172,Aux_Rangos!E$2:E$172) -> -0.10357341 | G32: =CORREL(Aux_Rangos!K$2:K$172,Aux_Rangos!F$2:F$172) -> 0.0076747961 | H32: =CORREL(Aux_Rangos!K$2:K$172,Aux_Rangos!G$2:G$172) -> 0.21492185 | I32: =CORREL(Aux_Rangos!K$2:K$172,Aux_Rangos!H$2:H$172) -> 0.26969156 | J32: =CORREL(Aux_Rangos!K$2:K$172,Aux_Rangos!I$2:I$172) -> 0.32345271 | K32: =CORREL(Aux_Rangos!K$2:K$172,Aux_Rangos!J$2:J$172) -> 0.13764349 | L32: 1 | M32: =CORREL(Aux_Rangos!K$2:K$172,Aux_Rangos!L$2:L$172) -> 0.17159216
A33: Rec | B33: =CORREL(Aux_Rangos!L$2:L$172,Aux_Rangos!A$2:A$172) -> 0.18983703 | C33: =CORREL(Aux_Rangos!L$2:L$172,Aux_Rangos!B$2:B$172) -> 0.23892057 | D33: =CORREL(Aux_Rangos!L$2:L$172,Aux_Rangos!C$2:C$172) -> 0.10774932 | E33: =CORREL(Aux_Rangos!L$2:L$172,Aux_Rangos!D$2:D$172) -> 0.086489154 | F33: =CORREL(Aux_Rangos!L$2:L$172,Aux_Rangos!E$2:E$172) -> -0.031391287 | G33: =CORREL(Aux_Rangos!L$2:L$172,Aux_Rangos!F$2:F$172) -> 0.04685847 | H33: =CORREL(Aux_Rangos!L$2:L$172,Aux_Rangos!G$2:G$172) -> 0.36772065 | I33: =CORREL(Aux_Rangos!L$2:L$172,Aux_Rangos!H$2:H$172) -> 0.26136337 | J33: =CORREL(Aux_Rangos!L$2:L$172,Aux_Rangos!I$2:I$172) -> 0.29838568 | K33: =CORREL(Aux_Rangos!L$2:L$172,Aux_Rangos!J$2:J$172) -> 0.19655856 | L33: =CORREL(Aux_Rangos!L$2:L$172,Aux_Rangos!K$2:K$172) -> 0.17159216 | M33: 1
A34: * La diagonal siempre es 1 (correlacion de una variable consigo misma)
A35: * La matriz es simetrica - el valor de Fac-Sat es el mismo que Sat-Fac

Sheet 4. Regresión OLS
A1: Modelo 1 - Regresion multiple OLS (H1 a H4) - Variable dependiente: Satisfaccion
A2: *Usé LINEST con CHOOSE para meter las 4 variables no contiguas (H, J, L, N)
A3: Variable | B3: β (coef.) | C3: Error Est. | D3: Estadístico t | E3: p-valor | F3: Significación
A4: Intercepto | B4: =INDEX(LINEST('1. Datos'!P$2:P$172,CHOOSE({1,2,3,4},'1. Datos'!H$2:H$172,'1. Datos'!J$2:J$172,'1. Datos'!L$2:L$172,'1. Datos'!N$2:N$172),TRUE(),TRUE()),1,5) -> 1.8224662 | C4: =INDEX(LINEST('1. Datos'!P$2:P$172,CHOOSE({1,2,3,4},'1. Datos'!H$2:H$172,'1. Datos'!J$2:J$172,'1. Datos'!L$2:L$172,'1. Datos'!N$2:N$172),TRUE(),TRUE()),2,5) -> 0.51655871 | D4: =B4/C4 -> 3.528091 | E4: =IF(TDIST(ABS(D4),166,2)<0.001,"<0.001",ROUND(TDIST(ABS(D4),166,2),4)) -> <0.001 | F4: =IF(TDIST(ABS(D4),166,2)<0.001,"***",IF(TDIST(ABS(D4),166,2)<0.01,"**",IF(TDIST(ABS(D4),166,2)<0.05,"*","n.s."))) -> ***
A5: Facilidad de uso (Fac) | B5: =INDEX(LINEST('1. Datos'!P$2:P$172,CHOOSE({1,2,3,4},'1. Datos'!H$2:H$172,'1. Datos'!J$2:J$172,'1. Datos'!L$2:L$172,'1. Datos'!N$2:N$172),TRUE(),TRUE()),1,4) -> 0.1933599 | C5: =INDEX(LINEST('1. Datos'!P$2:P$172,CHOOSE({1,2,3,4},'1. Datos'!H$2:H$172,'1. Datos'!J$2:J$172,'1. Datos'!L$2:L$172,'1. Datos'!N$2:N$172),TRUE(),TRUE()),2,4) -> 0.079355357 | D5: =B5/C5 -> 2.4366332 | E5: =IF(TDIST(ABS(D5),166,2)<0.001,"<0.001",ROUND(TDIST(ABS(D5),166,2),4)) -> 0.0159 | F5: =IF(TDIST(ABS(D5),166,2)<0.001,"***",IF(TDIST(ABS(D5),166,2)<0.01,"**",IF(TDIST(ABS(D5),166,2)<0.05,"*","n.s."))) -> *
A6: Seguridad percibida (Seg) | B6: =INDEX(LINEST('1. Datos'!P$2:P$172,CHOOSE({1,2,3,4},'1. Datos'!H$2:H$172,'1. Datos'!J$2:J$172,'1. Datos'!L$2:L$172,'1. Datos'!N$2:N$172),TRUE(),TRUE()),1,3) -> 0.069905893 | C6: =INDEX(LINEST('1. Datos'!P$2:P$172,CHOOSE({1,2,3,4},'1. Datos'!H$2:H$172,'1. Datos'!J$2:J$172,'1. Datos'!L$2:L$172,'1. Datos'!N$2:N$172),TRUE(),TRUE()),2,3) -> 0.066406782 | D6: =B6/C6 -> 1.0526921 | E6: =IF(TDIST(ABS(D6),166,2)<0.001,"<0.001",ROUND(TDIST(ABS(D6),166,2),4)) -> 0.294 | F6: =IF(TDIST(ABS(D6),166,2)<0.001,"***",IF(TDIST(ABS(D6),166,2)<0.01,"**",IF(TDIST(ABS(D6),166,2)<0.05,"*","n.s."))) -> n.s.
A7: Confianza en la entidad (Conf) | B7: =INDEX(LINEST('1. Datos'!P$2:P$172,CHOOSE({1,2,3,4},'1. Datos'!H$2:H$172,'1. Datos'!J$2:J$172,'1. Datos'!L$2:L$172,'1. Datos'!N$2:N$172),TRUE(),TRUE()),1,2) -> 0.10009829 | C7: =INDEX(LINEST('1. Datos'!P$2:P$172,CHOOSE({1,2,3,4},'1. Datos'!H$2:H$172,'1. Datos'!J$2:J$172,'1. Datos'!L$2:L$172,'1. Datos'!N$2:N$172),TRUE(),TRUE()),2,2) -> 0.063599065 | D7: =B7/C7 -> 1.5738956 | E7: =IF(TDIST(ABS(D7),166,2)<0.001,"<0.001",ROUND(TDIST(ABS(D7),166,2),4)) -> 0.1174 | F7: =IF(TDIST(ABS(D7),166,2)<0.001,"***",IF(TDIST(ABS(D7),166,2)<0.01,"**",IF(TDIST(ABS(D7),166,2)<0.05,"*","n.s."))) -> n.s.
A8: Costes percibidos (Cost) | B8: =INDEX(LINEST('1. Datos'!P$2:P$172,CHOOSE({1,2,3,4},'1. Datos'!H$2:H$172,'1. Datos'!J$2:J$172,'1. Datos'!L$2:L$172,'1. Datos'!N$2:N$172),TRUE(),TRUE()),1,1) -> 0.25114143 | C8: =INDEX(LINEST('1. Datos'!P$2:P$172,CHOOSE({1,2,3,4},'1. Datos'!H$2:H$172,'1. Datos'!J$2:J$172,'1. Datos'!L$2:L$172,'1. Datos'!N$2:N$172),TRUE(),TRUE()),2,1) -> 0.05301077 | D8: =B8/C8 -> 4.7375549 | E8: =IF(TDIST(ABS(D8),166,2)<0.001,"<0.001",ROUND(TDIST(ABS(D8),166,2),4)) -> <0.001 | F8: =IF(TDIST(ABS(D8),166,2)<0.001,"***",IF(TDIST(ABS(D8),166,2)<0.01,"**",IF(TDIST(ABS(D8),166,2)<0.05,"*","n.s."))) -> ***
A10: R² | B10: =INDEX(LINEST('1. Datos'!P$2:P$172,CHOOSE({1,2,3,4},'1. Datos'!H$2:H$172,'1. Datos'!J$2:J$172,'1. Datos'!L$2:L$172,'1. Datos'!N$2:N$172),TRUE(),TRUE()),3,1) -> 0.18576541
A11: R² ajustado | B11: =1-(1-B10)*(171-1)/(171-4-1) -> 0.1661453
A12: n | B12: 171
A14: Ecuación: Sat = 1.822 + 0.193*Fac + 0.070*Seg + 0.100*Conf + 0.251*Cost
A15: * Solo Fac y Cost son significativos (p<0.05) - Seg y Conf no llegan
A17: Modelo 2 - Regresion simple OLS (H5) - Variable dependiente: Intencion de uso
A18: * LINEST(Int2, Sat) - la satisfaccion predice la intencion de seguir usando la app
A19: Variable | B19: β (coef.) | C19: Error Est. | D19: Estadístico t | E19: p- valor | F19: Significación
A20: Intercepto | B20: =INDEX(LINEST('1. Datos'!R$2:R$172,'1. Datos'!P$2:P$172,TRUE(),TRUE()),1,2) -> 3.1316477 | C20: =INDEX(LINEST('1. Datos'!R$2:R$172,'1. Datos'!P$2:P$172,TRUE(),TRUE()),2,2) -> 0.30161184 | D20: =B20/C20 -> 10.38304 | E20: =IF(TDIST(ABS(D20),169,2)<0.001,"<0.001",ROUND(TDIST(ABS(D20),169,2),4)) -> <0.001 | F20: =IF(TDIST(ABS(D20),169,2)<0.001,"***",IF(TDIST(ABS(D20),169,2)<0.01,"**",IF(TDIST(ABS(D20),169,2)<0.05,"*","n.s."))) -> ***
A21: Satisfacción | B21: =INDEX(LINEST('1. Datos'!R$2:R$172,'1. Datos'!P$2:P$172,TRUE(),TRUE()),1,1) -> 0.32534055 | C21: =INDEX(LINEST('1. Datos'!R$2:R$172,'1. Datos'!P$2:P$172,TRUE(),TRUE()),2,1) -> 0.066130912 | D21: =B21/C21 -> 4.9196441 | E21: =IF(TDIST(ABS(D21),169,2)<0.001,"<0.001",ROUND(TDIST(ABS(D21),169,2),4)) -> <0.001 | F21: =IF(TDIST(ABS(D21),169,2)<0.001,"***",IF(TDIST(ABS(D21),169,2)<0.01,"**",IF(TDIST(ABS(D21),169,2)<0.05,"*","n.s."))) -> ***
A23: R² | B23: =INDEX(LINEST('1. Datos'!R$2:R$172,'1. Datos'!P$2:P$172,TRUE(),TRUE()),3,1) -> 0.12527192
A24: R² ajustado | B24: =1-(1-B23)*(171-1)/(171-1-1) -> 0.12009601
A26: * Sat destacada en amarillo porque es la variable que estoy analizando como predictor aqui
A27: Ecuacion: Int2 = 3.132 + 0.325*Sat

Sheet 5. K-Means
A1: Segmentacion K-Means - Metodo del codo
A2: * K-Means no se puede correr directamente en Excel - calculé las inercias con Python y las meti aqui
A3: k | B3: Inercia (WCSS) | C3: Reducción vs k-1
A4: 2 | B4: 1741.7 | C4: —
A5: 3 | B5: 1595.7 | C5: =B4-B5 -> 146
A6: 4 | B6: 1473 | C6: =B5-B6 -> 122.7
A7: 5 | B7: 1386.7 | C7: =B6-B7 -> 86.3
A9: * Elegi k=3 porque la reduccion de inercia de 2 a 3 es la mas grande (146 puntos) - a partir de ahi ya no merece la pena
A11: Perfiles de los clusteres - medias por variable (n=171)
A12: Clúster | B12: n | C12: Fac | D12: Int | E12: Seg | F12: PDat | G12: Conf | H12: Fia | I12: Cost | J12: Val | K12: Sat | L12: Exp | M12: Int2 | N12: Rec
A13: Clúster 1 (Alta satisf. y seguridad) | B13: 92 | C13: 4.59 | D13: 4.26 | E13: 4.45 | F13: 4.21 | G13: 4.57 | H13: 4.58 | I13: 4.63 | J13: 4.67 | K13: 4.68 | L13: 4.68 | M13: 4.71 | N13: 4.57
A14: Clúster 2 (Baja satisf., costes altos) | B14: 38 | C14: 4.29 | D14: 4.18 | E14: 4.34 | F14: 3.76 | G14: 4.47 | H14: 4.08 | I14: 3.26 | J14: 3.63 | K14: 3.95 | L14: 4.11 | M14: 4.29 | N14: 3.74
A15: Clúster 3 (Alta satisf., baja conf./datos) | B15: 41 | C15: 4.59 | D15: 4.63 | E15: 3.85 | F15: 2.93 | G15: 3.73 | H15: 4.02 | I15: 4.68 | J15: 4.61 | K15: 4.68 | L15: 4.68 | M15: 4.66 | N15: 4.59
A17: *Sat en amarillo porque es mi variable dependiente principal
A18: * Las 3 variables que mas distinguen los grupos: Satisfaccion, Costes y Proteccion de datos

Sheet 6. Alfa de Cronbach
A1: Alfa de Cronbach - fiabilidad del cuestionario
A2: * Formula: alpha = (k/(k-1)) * (1 - suma_varianzas_items / varianza_total)
A3: Estadístico | B3: Fórmula Excel | C3: Valor
A4: k (número de ítems) | B4: =12 -> 12 | C4: =B4 -> 12 | J4: Columna auxiliar: suma de 12 ítems por encuestado
A5: Σσᵢ² (suma de varianzas de ítems) | B5: =VAR('1. Datos'!H$2:H$172)+VAR('1. Datos'!I$2:I$172)+VAR('1. Datos'!J$2:J$172)+VAR('1. Datos'!K$2:K$172)+VAR('1. Datos'!L$2:L$172)+VAR('1. Datos'!M$2:M$172)+VAR('1. Datos'!N$2:N$172)+VAR('1. Datos'!O$2:O$172)+VAR('1. Datos'!P$2:P$172)+VAR('1. Datos'!Q$2:Q$172)+VAR('1. Datos'!R$2:R$172)+VAR('1. Datos'!S$2:S$172) -> 5.5508084 | C5: =VAR('1. Datos'!H$2:H$172)+VAR('1. Datos'!I$2:I$172)+VAR('1. Datos'!J$2:J$172)+VAR('1. Datos'!K$2:K$172)+VAR('1. Datos'!L$2:L$172)+VAR('1. Datos'!M$2:M$172)+VAR('1. Datos'!N$2:N$172)+VAR('1. Datos'!O$2:O$172)+VAR('1. Datos'!P$2:P$172)+VAR('1. Datos'!Q$2:Q$172)+VAR('1. Datos'!R$2:R$172)+VAR('1. Datos'!S$2:S$172) -> 5.5508084 | J5: Suma_ítems
A6: σₜ² (varianza de la suma total) | B6: =VAR(J6:J176) -> 13.954248 | C6: =VAR(J6:J176) -> 13.954248 | J6: ='1. Datos'!H2+'1. Datos'!I2+'1. Datos'!J2+'1. Datos'!K2+'1. Datos'!L2+'1. Datos'!M2+'1. Datos'!N2+'1. Datos'!O2+'1. Datos'!P2+'1. Datos'!Q2+'1. Datos'!R2+'1. Datos'!S2 -> 48
A7: Alfa de Cronbach (α) | B7: =(B4/(B4-1))*(1-B5/B6) -> 0.65696043 | C7: =(C4/(C4-1))*(1-C5/C6) -> 0.65696043 | J7: ='1. Datos'!H3+'1. Datos'!I3+'1. Datos'!J3+'1. Datos'!K3+'1. Datos'!L3+'1. Datos'!M3+'1. Datos'!N3+'1. Datos'!O3+'1. Datos'!P3+'1. Datos'!Q3+'1. Datos'!R3+'1. Datos'!S3 -> 43
J8: ='1. Datos'!H4+'1. Datos'!I4+'1. Datos'!J4+'1. Datos'!K4+'1. Datos'!L4+'1. Datos'!M4+'1. Datos'!N4+'1. Datos'!O4+'1. Datos'!P4+'1. Datos'!Q4+'1. Datos'!R4+'1. Datos'!S4 -> 48
A9: * Alpha = 0.657, por debajo del 0.70 tipico, pero tiene logica: los 12 items miden cosas distintas (facilidad, seguridad, costes...) no una sola dimension | J9: ='1. Datos'!H5+'1. Datos'!I5+'1. Datos'!J5+'1. Datos'!K5+'1. Datos'!L5+'1. Datos'!M5+'1. Datos'!N5+'1. Datos'!O5+'1. Datos'!P5+'1. Datos'!Q5+'1. Datos'!R5+'1. Datos'!S5 -> 54
A10: * Si midiese solo satisfaccion con 12 preguntas el alpha seria mas alto - aqui es mas un check general del cuestionario | J10: ='1. Datos'!H6+'1. Datos'!I6+'1. Datos'!J6+'1. Datos'!K6+'1. Datos'!L6+'1. Datos'!M6+'1. Datos'!N6+'1. Datos'!O6+'1. Datos'!P6+'1. Datos'!Q6+'1. Datos'!R6+'1. Datos'!S6 -> 53
J11: ='1. Datos'!H7+'1. Datos'!I7+'1. Datos'!J7+'1. Datos'!K7+'1. Datos'!L7+'1. Datos'!M7+'1. Datos'!N7+'1. Datos'!O7+'1. Datos'!P7+'1. Datos'!Q7+'1. Datos'!R7+'1. Datos'!S7 -> 53
J12: ='1. Datos'!H8+'1. Datos'!I8+'1. Datos'!J8+'1. Datos'!K8+'1. Datos'!L8+'1. Datos'!M8+'1. Datos'!N8+'1. Datos'!O8+'1. Datos'!P8+'1. Datos'!Q8+'1. Datos'!R8+'1. Datos'!S8 -> 53
J13: ='1. Datos'!H9+'1. Datos'!I9+'1. Datos'!J9+'1. Datos'!K9+'1. Datos'!L9+'1. Datos'!M9+'1. Datos'!N9+'1. Datos'!O9+'1. Datos'!P9+'1. Datos'!Q9+'1. Datos'!R9+'1. Datos'!S9 -> 53
J14: ='1. Datos'!H10+'1. Datos'!I10+'1. Datos'!J10+'1. Datos'!K10+'1. Datos'!L10+'1. Datos'!M10+'1. Datos'!N10+'1. Datos'!O10+'1. Datos'!P10+'1. Datos'!Q10+'1. Datos'!R10+'1. Datos'!S10 -> 56
J15: ='1. Datos'!H11+'1. Datos'!I11+'1. Datos'!J11+'1. Datos'!K11+'1. Datos'!L11+'1. Datos'!M11+'1. Datos'!N11+'1. Datos'!O11+'1. Datos'!P11+'1. Datos'!Q11+'1. Datos'!R11+'1. Datos'!S11 -> 53
J16: ='1. Datos'!H12+'1. Datos'!I12+'1. Datos'!J12+'1. Datos'!K12+'1. Datos'!L12+'1. Datos'!M12+'1. Datos'!N12+'1. Datos'!O12+'1. Datos'!P12+'1. Datos'!Q12+'1. Datos'!R12+'1. Datos'!S12 -> 52
J17: ='1. Datos'!H13+'1. Datos'!I13+'1. Datos'!J13+'1. Datos'!K13+'1. Datos'!L13+'1. Datos'!M13+'1. Datos'!N13+'1. Datos'!O13+'1. Datos'!P13+'1. Datos'!Q13+'1. Datos'!R13+'1. Datos'!S13 -> 55
J18: ='1. Datos'!H14+'1. Datos'!I14+'1. Datos'!J14+'1. Datos'!K14+'1. Datos'!L14+'1. Datos'!M14+'1. Datos'!N14+'1. Datos'!O14+'1. Datos'!P14+'1. Datos'!Q14+'1. Datos'!R14+'1. Datos'!S14 -> 45
J19: ='1. Datos'!H15+'1. Datos'!I15+'1. Datos'!J15+'1. Datos'!K15+'1. Datos'!L15+'1. Datos'!M15+'1. Datos'!N15+'1. Datos'!O15+'1. Datos'!P15+'1. Datos'!Q15+'1. Datos'!R15+'1. Datos'!S15 -> 53
J20: ='1. Datos'!H16+'1. Datos'!I16+'1. Datos'!J16+'1. Datos'!K16+'1. Datos'!L16+'1. Datos'!M16+'1. Datos'!N16+'1. Datos'!O16+'1. Datos'!P16+'1. Datos'!Q16+'1. Datos'!R16+'1. Datos'!S16 -> 56
J21: ='1. Datos'!H17+'1. Datos'!I17+'1. Datos'!J17+'1. Datos'!K17+'1. Datos'!L17+'1. Datos'!M17+'1. Datos'!N17+'1. Datos'!O17+'1. Datos'!P17+'1. Datos'!Q17+'1. Datos'!R17+'1. Datos'!S17 -> 56
J22: ='1. Datos'!H18+'1. Datos'!I18+'1. Datos'!J18+'1. Datos'!K18+'1. Datos'!L18+'1. Datos'!M18+'1. Datos'!N18+'1. Datos'!O18+'1. Datos'!P18+'1. Datos'!Q18+'1. Datos'!R18+'1. Datos'!S18 -> 53
... J176: ='1. Datos'!H172+'1. Datos'!I172+'1. Datos'!J172+'1. Datos'!K172+'1. Datos'!L172+'1. Datos'!M172+'1. Datos'!N172+'1. Datos'!O172+'1. Datos'!P172+'1. Datos'!Q172+'1. Datos'!R172+'1. Datos'!S172 -> 47
